Section1Entropy,Section2Entropy,Section3Entropy,Section4Entropy,FileEntropy,CodeDataRatio,MajorImageVersion,NumberOfSections,KERNEL32.DLL,USER32.DLL,ADVAPI32.dll,msvcrt.dll,GDI32.dll,SHELL32.dll,ole32.dll,WS2_32.dll,SHLWAPI.dll,COMCTL32.dll
6.193016276632713,3.5868098824180707,4.984055172510847,0,6.003668098693492,1.8974358974358974,13,3,0,0,1,1,1,1,0,0,0,0
4.566145267753509,3.7056377579063584,0.08153941234324169,0,4.069977096553992,2.0,0,3,0,0,0,0,0,0,0,0,0,0
5.656396986147981,1.868294126271297,3.6394423984979642,0.08153941234324169,5.205400636773257,4.25,0,4,0,0,0,0,0,0,0,0,0,0
6.410589945146536,4.782378850234499,3.3281510022100784,5.067991416548163,5.933723718437007,1.25,0,5,0,0,0,0,0,0,0,0,0,0
5.532586987664444,2.2118438660476194,4.472706466366346,0.08153941234324169,5.395087890408294,8.777777777777779,0,4,0,0,0,0,0,0,0,0,0,0
5.696466551512535,3.63218007482014,0.08153941234324169,0,5.244984979850917,3.2857142857142856,0,3,0,0,0,0,0,0,0,0,0,0
2.625102542097629,0.7007449541492136,0.013126943721219527,0,1.0685416291316723,0.5,0,3,0,0,0,0,0,0,0,0,0,0
3.463030150455428,0.9265200486842913,0.013126943721219527,0,1.3945110826523521,0.5,0,3,0,0,0,0,0,0,0,0,0,0
0,7.867938410428999,3.6187513405164484,0,7.608924759897601,6.0,0,3,1,0,1,0,0,0,0,0,0,0
4.500760765734999,2.048977582529901,0.013126943721219527,0,2.0957614434964746,0.5,0,3,0,0,0,0,0,0,0,0,0,0
3.783088164852632,3.263899693470051,0.10191042566270775,0,3.5506854716445804,1.1386861313868613,0,3,0,0,0,0,0,0,0,0,0,0
6.748943767999896,6.188427433492877,0.015920183265625623,0,6.567582312869685,6.181818181818182,0,3,0,0,0,0,0,0,0,0,0,0
5.16147398452355,3.2956590942796287,0.08153941234324169,0,6.660828043293184,2.0,0,3,0,0,0,0,0,0,0,0,0,0
5.532586987664444,2.2118438660476194,4.472706466366346,0.08153941234324169,5.395087890408294,8.777777777777779,0,4,0,0,0,0,0,0,0,0,0,0
